{
  "email_provided": {
    "precision": 1.0,
    "recall": 0.5,
    "f1-score": 0.6666666666666666,
    "support": 2,
    "confused_with": {}
  },
  "cuisine": {
    "precision": 1.0,
    "recall": 0.9896907216494846,
    "f1-score": 0.9948186528497409,
    "support": 97,
    "confused_with": {
      "location": 1
    }
  },
  "email": {
    "precision": 1.0,
    "recall": 1.0,
    "f1-score": 1.0,
    "support": 17,
    "confused_with": {}
  },
  "budget": {
    "precision": 1.0,
    "recall": 1.0,
    "f1-score": 1.0,
    "support": 8,
    "confused_with": {}
  },
  "location": {
    "precision": 0.9844961240310077,
    "recall": 1.0,
    "f1-score": 0.9921875,
    "support": 127,
    "confused_with": {}
  },
  "micro avg": {
    "precision": 0.9920318725099602,
    "recall": 0.9920318725099602,
    "f1-score": 0.99203187250996,
    "support": 251
  },
  "macro avg": {
    "precision": 0.9968992248062015,
    "recall": 0.8979381443298969,
    "f1-score": 0.9307345639032814,
    "support": 251
  },
  "weighted avg": {
    "precision": 0.9921554093702708,
    "recall": 0.9920318725099602,
    "f1-score": 0.9913886659751322,
    "support": 251
  }
}